"now","日付","コード","経常利益率","名称","セクター","時価総額","自己資本比率","MON0","MON1","MON2","MON3","MON4","MON5","MON6","MON7","MON8","MON9","MON10","MON11","MON12","MON13","MON14","MON15","MON16","MON17","MON18","MON19","MON20","MON21","MON22","MON23","MON24","MON_COM0","MON_COM1","MON_COM2","MON_COM3","MON_COM4","MON_COM5","MON_COM6","MON_COM7","MON_COM8","MON_COM9","MON_COM10","MON_COM11","MON_COM12","MON_COM13","MON_COM14","MON_COM15","MON_COM16","MON_COM17","MON_COM18","MON_COM19","MON_COM20","MON_COM21","MON_COM22","MON_COM23","MON_COM24"
"2018/07/08 12:38:02","201403","2342","6.667","(株)トランスジェニックとらんすじぇにっく","サービス業","62.6","74.4","0.956","1.026","1.002","1.051","1.009","1.046","1.044","0.963","1.012","0.986","0.965","0.947","0.93","0.979","1.107","2.698","1.858","1.36","1.838","1.777","1.803","1.659","1.302","1.436","1.882","0.923","1.023","0.969","0.964","0.921","0.964","0.921","0.843","0.838","0.816","0.796","0.725","0.698","0.713","0.768","1.916","1.315","1.041","1.518","1.328","1.328","1.246","1.053","1.286","1.627"
"2018/07/08 12:38:05","201403","2362","1.324","(株)夢真ホールディングスゆめしんほーるでぃんぐす","サービス業","684","42.9","1.137","1.081","1.217","1.186","1.229","1.089","1.052","0.954","0.909","0.913","0.937","1.055","1.114","1.015","0.996","0.969","1.009","0.991","0.877","0.873","0.815","0.759","0.719","0.771","0.802","1.097","1.078","1.177","1.088","1.122","1.004","0.929","0.835","0.753","0.756","0.773","0.807","0.836","0.739","0.691","0.688","0.714","0.758","0.724","0.652","0.6","0.57","0.581","0.69","0.693"
"2018/07/08 12:40:18","201403","3241","1.241","(株)ウィルうぃる","不動産業","23.0","34.8","0.943","0.853","0.849","0.98","0.963","0.971","0.927","0.959","0.955","0.98","0.976","1.033","1.196","1.167","1.11","1.143","1.078","0.988","0.98","1.086","1.216","1.131","1.118","1.163","1.376","0.91","0.85","0.821","0.899","0.879","0.895","0.818","0.84","0.791","0.811","0.805","0.79","0.898","0.849","0.77","0.812","0.763","0.756","0.809","0.812","0.895","0.85","0.904","1.041","1.189"
"2018/07/08 12:40:49","201403","3393","1.312","スターティアすたーてぃあ","卸売業","94.9","77.6","0.942","0.832","0.743","0.822","0.805","0.864","0.978","0.894","0.915","0.832","0.796","0.807","0.805","0.798","0.823","0.89","1.021","0.861","0.779","0.66","0.647","0.614","0.842","0.529","0.571","0.909","0.83","0.719","0.754","0.735","0.796","0.863","0.783","0.758","0.689","0.657","0.617","0.604","0.581","0.571","0.632","0.723","0.659","0.643","0.493","0.476","0.461","0.681","0.474","0.494"
"2018/07/08 12:42:00","201403","3769","1.211","ＧＭＯペイメントゲートウェイじーえむおーぺいめんとげーとうぇい","情報・通信業","912","23.0","0.807","0.585","0.68","0.701","0.868","0.921","0.912","0.822","0.786","0.835","0.757","0.968","1.046","1.142","1.132","1.454","1.494","1.506","1.691","1.763","2.18","2.129","2.279","2.338","2.746","0.779","0.583","0.658","0.643","0.793","0.849","0.805","0.72","0.651","0.691","0.625","0.741","0.785","0.831","0.785","1.033","1.057","1.152","1.396","1.318","1.605","1.6","1.842","2.093","2.373"
"2018/07/08 12:42:19","201403","3856","1.286","リアルコムりあるこむ","情報・通信業","28.6","34.3","1.053","0.935","0.864","1.062","1.002","1.058","0.95","0.701","0.695","0.713","0.719","0.735","0.752","0.786","0.78","0.802","0.583","0.557","0.471","0.541","0.613","0.567","0.585","0.641","0.645","1.016","0.932","0.836","0.974","0.915","0.975","0.838","0.614","0.576","0.59","0.593","0.562","0.565","0.572","0.541","0.57","0.413","0.426","0.389","0.404","0.451","0.426","0.473","0.574","0.557"
"2018/07/08 12:44:50","201403","4827","1.429","ビジネス・ワンホールディングスびじねす・わんほーるでぃんぐす","不動産業","11.4","17.8","1.083","1.062","0.955","0.962","0.965","0.955","0.958","0.986","0.972","1.302","1.253","1.389","1.389","1.424","1.184","1.267","1.194","1.076","1.049","1.115","1.028","1.076","1.007","0.958","1.021","1.045","1.059","0.924","0.883","0.881","0.88","0.846","0.863","0.805","1.078","1.034","1.063","1.043","1.036","0.821","0.9","0.845","0.823","0.866","0.833","0.757","0.808","0.814","0.858","0.882"
"2018/07/08 12:46:51","201403","6058","1.222","(株)ベクトルべくとる","サービス業","209","72.7","0.99","0.872","0.903","1.198","1.136","1.037","1.02","1.248","1.144","1.13","1.062","1.052","1.058","1.167","1.207","1.258","1.331","1.323","1.381","1.336","1.414","1.5","1.503","1.624","1.874","0.956","0.869","0.873","1.099","1.037","0.956","0.9","1.093","0.948","0.935","0.876","0.805","0.794","0.849","0.837","0.893","0.942","1.012","1.14","0.999","1.041","1.127","1.215","1.454","1.62"
"2018/07/08 12:51:27","201403","7619","1.206","田中商事たなかしょうじ","卸売業","50.9","41.4","1.011","0.995","1.051","1.104","1.187","1.213","1.24","1.173","1.208","1.198","1.182","1.231","1.201","1.213","1.323","1.349","1.363","1.22","1.194","1.233","1.266","1.27","1.171","1.092","1.15","0.976","0.992","1.016","1.013","1.084","1.118","1.094","1.027","1.001","0.992","0.975","0.942","0.902","0.883","0.917","0.958","0.965","0.933","0.986","0.922","0.932","0.954","0.947","0.978","0.994"
"2018/07/08 12:52:00","201403","7844","1.204","(株)マーベラスＡＱＬまーべらすえいきゅーえる","情報・通信業","362","70.4","1.057","0.854","1.01","1.42","1.925","1.665","1.603","1.574","2.013","2.05","2.239","2.194","2.112","2.019","2.01","1.935","1.818","1.346","1.15","1.224","1.262","1.162","1.083","1.031","1.197","1.02","0.851","0.977","1.303","1.758","1.535","1.415","1.378","1.668","1.697","1.847","1.679","1.586","1.469","1.394","1.374","1.287","1.03","0.95","0.915","0.929","0.873","0.876","0.923","1.035"
"2018/07/08 12:54:43","201403","8912","2.222","(株)エリアクエストえりあくえすと","不動産業","27.9","53.6","1.025","0.943","0.885","0.984","1.0","0.943","0.918","0.967","0.967","0.91","0.934","1.0","1.074","1.221","1.09","1.123","1.189","1.049","0.967","1.033","1.016","0.918","0.902","0.77","0.893","0.989","0.94","0.856","0.903","0.913","0.869","0.81","0.847","0.801","0.753","0.771","0.765","0.806","0.889","0.756","0.798","0.841","0.803","0.799","0.772","0.748","0.69","0.729","0.689","0.772"
"2018/07/08 12:55:51","201403","9424","1.397","日本通信にほんつうしん","情報・通信業","241","50.0","1.939","2.695","4.207","5.872","7.232","4.524","3.726","2.909","3.238","3.415","3.122","3.506","3.024","2.713","2.811","2.537","2.561","1.835","1.902","1.829","2.079","1.652","1.079","1.354","1.299","1.872","2.687","4.069","5.387","6.605","4.17","3.289","2.547","2.683","2.827","2.576","2.682","2.27","1.975","1.949","1.802","1.812","1.404","1.571","1.367","1.531","1.241","0.872","1.212","1.123"
"2018/07/08 13:00:19","201406","2362","1.27","(株)夢真ホールディングスゆめしんほーるでぃんぐす","サービス業","692","55.3","0.927","0.96","0.851","0.822","0.746","0.711","0.714","0.732","0.824","0.871","0.793","0.779","0.757","0.788","0.775","0.685","0.683","0.637","0.593","0.562","0.603","0.603","0.612","0.683","0.659","0.931","0.959","0.859","0.794","0.715","0.645","0.647","0.661","0.69","0.716","0.632","0.591","0.589","0.61","0.649","0.619","0.559","0.514","0.488","0.497","0.591","0.564","0.576","0.625","0.649"
"2018/07/08 13:00:29","201406","2413","1.337","エムスリーえむすりー","サービス業","5023","73.5","0.947","0.983","1.068","1.033","1.082","1.199","1.188","1.399","1.561","1.498","1.331","1.389","1.446","1.716","1.651","1.39","1.384","1.59","1.481","1.602","1.579","1.663","1.767","1.87","1.941","0.951","0.982","1.078","0.998","1.037","1.087","1.077","1.264","1.307","1.231","1.061","1.054","1.124","1.329","1.383","1.257","1.133","1.282","1.218","1.418","1.547","1.556","1.662","1.711","1.912"
"2018/07/08 13:00:31","201406","2427","1.222","(株)アウトソーシングあうとそーしんぐ","サービス業","210","25.1","0.915","0.837","1.006","1.066","0.992","1.064","1.127","1.153","1.167","1.156","1.027","1.101","1.316","1.53","1.726","1.627","1.39","2.01","2.004","2.101","1.95","2.437","2.268","2.889","3.084","0.919","0.836","1.015","1.03","0.951","0.965","1.022","1.042","0.977","0.95","0.818","0.835","1.023","1.185","1.446","1.471","1.137","1.621","1.648","1.859","1.91","2.28","2.134","2.643","3.038"
"2018/07/08 13:03:41","201406","3622","1.217","ネットイヤーグループねっといやーぐるーぷ","情報・通信業","103","60.4","0.909","0.935","0.801","0.751","0.644","0.723","0.634","0.645","0.65","0.564","0.631","0.698","0.676","0.626","0.48","0.419","0.495","0.5","0.419","0.392","0.357","0.606","0.547","0.946","0.64","0.913","0.934","0.808","0.726","0.617","0.655","0.575","0.583","0.544","0.463","0.503","0.53","0.526","0.485","0.402","0.379","0.405","0.403","0.345","0.347","0.35","0.567","0.515","0.866","0.631"
"2018/07/08 13:04:20","201406","3807","1.25","(株)フィスコふぃすこ","情報・通信業","83.9","35.8","0.912","2.372","1.646","1.457","1.134","1.371","1.271","1.357","1.512","1.464","1.446","1.416","1.394","1.397","1.205","0.953","0.953","0.971","1.357","1.327","1.234","1.794","1.483","1.353","1.19","0.916","2.37","1.661","1.408","1.087","1.243","1.152","1.226","1.266","1.203","1.152","1.074","1.084","1.082","1.009","0.862","0.78","0.783","1.116","1.174","1.209","1.678","1.395","1.238","1.172"
"2018/07/08 13:08:24","201406","5923","1.399","高田機工たかだきこう","金属製品","42.9","65.9","1.026","1.133","1.168","1.184","1.112","1.235","1.352","1.347","1.301","1.286","1.311","1.357","1.255","1.224","1.133","1.077","1.158","1.128","1.097","1.031","0.949","1.026","1.041","1.036","0.944","1.03","1.132","1.179","1.144","1.066","1.12","1.226","1.217","1.09","1.057","1.045","1.03","0.976","0.948","0.949","0.974","0.948","0.91","0.902","0.912","0.929","0.96","0.979","0.948","0.93"
"2018/07/08 13:14:03","201406","7844","1.237","(株)マーベラスＡＱＬまーべらすえいきゅーえる","情報・通信業","405","70.9","1.143","1.549","1.34","1.289","1.266","1.619","1.65","1.802","1.765","1.699","1.624","1.617","1.557","1.463","1.083","0.925","0.985","1.015","0.935","0.871","0.83","1.022","0.914","0.99","0.831","1.148","1.547","1.352","1.245","1.214","1.468","1.496","1.628","1.478","1.396","1.294","1.227","1.211","1.133","0.907","0.836","0.806","0.819","0.769","0.771","0.813","0.956","0.86","0.906","0.819"
"2018/07/08 13:16:20","201406","8703","1.222","カブドットコム証券かぶどっとこむしょうけん","証券・商品先物取引業","771","6.0","0.965","0.94","0.95","1.037","1.048","1.137","1.153","1.242","1.42","1.526","1.706","1.667","1.586","1.632","1.536","1.493","1.547","1.544","1.47","1.4","1.311","1.393","1.373","1.451","1.292","0.969","0.939","0.959","1.002","1.005","1.031","1.045","1.122","1.189","1.254","1.359","1.265","1.233","1.264","1.286","1.35","1.266","1.245","1.209","1.239","1.284","1.303","1.292","1.328","1.273"
"2018/07/08 13:16:43","201406","8912","2.0","(株)エリアクエストえりあくえすと","不動産業","23.8","50.5","1.034","1.052","0.991","0.966","1.017","1.017","0.957","0.983","1.052","1.129","1.284","1.147","1.181","1.25","1.103","1.017","1.086","1.069","0.966","0.948","0.81","0.948","0.948","0.94","0.862","1.038","1.051","1.0","0.933","0.975","0.922","0.868","0.888","0.881","0.928","1.023","0.87","0.918","0.968","0.924","0.92","0.889","0.862","0.794","0.839","0.793","0.887","0.892","0.86","0.849"
"2018/07/08 13:24:16","201409","3175","1.345","(株)エー・ピーカンパニーえー・ぴーかんぱにー","小売業","152","28.2","1.009","0.796","0.871","0.904","0.975","1.002","0.889","0.858","0.912","0.984","0.995","0.848","0.708","0.755","0.841","0.758","0.675","0.552","0.563","0.56","0.511","0.428","0.406","0.348","0.346","1.008","0.79","0.817","0.847","0.911","0.868","0.756","0.707","0.716","0.792","0.797","0.734","0.662","0.639","0.701","0.645","0.618","0.559","0.545","0.545","0.483","0.447","0.409","0.348","0.349"
"2018/07/08 13:26:13","201409","3769","1.24","ＧＭＯペイメントゲートウェイじーえむおーぺいめんとげーとうぇい","情報・通信業","841","25.6","0.952","0.859","0.821","0.871","0.791","1.011","1.092","1.192","1.182","1.518","1.56","1.572","1.766","1.841","2.276","2.223","2.38","2.441","2.925","2.706","2.676","2.226","2.265","1.831","1.833","0.951","0.852","0.77","0.816","0.739","0.876","0.929","0.983","0.928","1.221","1.25","1.361","1.65","1.559","1.898","1.892","2.179","2.473","2.832","2.635","2.532","2.324","2.281","1.833","1.852"
"2018/07/08 13:28:40","201409","4667","1.217","アイサンテクノロジーあいさんてくのろじー","情報・通信業","101","53.2","0.881","0.8","0.968","1.067","1.358","1.132","0.93","0.964","0.969","0.925","0.8","0.647","0.593","1.103","2.044","4.067","2.36","1.991","3.2","3.08","2.938","2.036","1.867","2.236","1.962","0.88","0.794","0.908","1.0","1.269","0.981","0.791","0.795","0.761","0.744","0.641","0.56","0.554","0.934","1.705","3.461","2.161","2.017","3.098","2.999","2.78","2.125","1.88","2.238","1.982"
"2018/07/08 13:36:08","201409","7747","1.246","朝日インテックあさひいんてっく","精密機器","1588","59.9","1.051","1.058","1.223","1.24","1.315","1.502","1.759","1.548","1.531","1.757","1.738","2.059","1.797","1.969","2.241","2.341","2.299","2.199","2.207","2.224","2.346","2.084","1.987","1.927","1.937","1.05","1.05","1.147","1.162","1.229","1.302","1.496","1.276","1.202","1.414","1.393","1.783","1.679","1.667","1.869","1.992","2.105","2.228","2.136","2.166","2.219","2.175","2.001","1.929","1.957"
"2018/07/08 13:39:00","201409","8890","1.259","(株)レーサムれーさむ","不動産業","509","69.5","1.001","1.026","1.264","1.174","1.089","1.165","1.235","1.159","1.282","1.216","1.218","1.116","1.058","1.212","1.026","1.038","1.034","0.933","1.036","0.837","0.829","0.704","0.74","0.638","0.619","1.0","1.018","1.186","1.1","1.018","1.01","1.05","0.955","1.006","0.978","0.976","0.966","0.989","1.026","0.856","0.883","0.947","0.945","1.003","0.815","0.784","0.735","0.745","0.639","0.625"
"2018/07/08 13:39:04","201409","8912","1.389","(株)エリアクエストえりあくえすと","不動産業","25.8","47.3","0.957","1.009","1.009","0.949","0.974","1.043","1.12","1.274","1.137","1.171","1.239","1.094","1.009","1.077","1.06","0.957","0.94","0.803","0.94","0.94","0.932","0.872","0.88","0.88","0.846","0.956","1.001","0.947","0.889","0.91","0.904","0.952","1.05","0.892","0.942","0.993","0.947","0.943","0.912","0.884","0.814","0.861","0.814","0.91","0.915","0.882","0.91","0.886","0.881","0.855"
"2018/07/08 13:40:13","201409","9424","1.458","日本通信にほんつうしん","情報・通信業","1044","70.4","0.936","0.73","0.813","0.858","0.784","0.881","0.76","0.681","0.706","0.637","0.643","0.461","0.478","0.459","0.522","0.415","0.271","0.34","0.291","0.315","0.364","0.354","0.329","0.285","0.274","0.935","0.724","0.763","0.804","0.733","0.763","0.646","0.561","0.554","0.512","0.515","0.399","0.447","0.389","0.435","0.353","0.248","0.344","0.282","0.307","0.344","0.37","0.331","0.285","0.277"
"2018/07/08 13:43:01","201412","1711","2.25","(株)省電舎しょうでんしゃ","建設業","20.9","26.4","0.963","0.947","1.121","0.999","1.048","0.992","0.929","0.927","0.688","0.633","0.674","0.672","0.646","0.589","0.483","0.565","0.542","0.554","0.523","0.51","0.531","0.548","0.874","0.872","0.814","0.966","0.946","1.039","0.908","0.924","0.833","0.799","0.794","0.637","0.633","0.611","0.599","0.588","0.577","0.523","0.585","0.564","0.561","0.584","0.55","0.569","0.585","0.885","0.838","0.741"
"2018/07/08 13:48:08","201412","3622","1.292","ネットイヤーグループねっといやーぐるーぷ","情報・通信業","87.3","59.7","0.983","1.0","1.008","0.875","0.978","1.083","1.048","0.971","0.745","0.65","0.767","0.776","0.65","0.608","0.554","0.939","0.848","1.467","1.058","0.735","0.62","0.655","0.641","0.59","0.583","0.986","0.999","0.934","0.795","0.862","0.909","0.901","0.832","0.69","0.65","0.695","0.692","0.591","0.595","0.6","0.972","0.882","1.485","1.181","0.792","0.664","0.7","0.649","0.567","0.53"
"2018/07/08 13:53:29","201412","6058","1.357","(株)ベクトルべくとる","サービス業","237","64.8","1.016","0.956","0.946","0.951","1.049","1.086","1.131","1.197","1.19","1.242","1.202","1.272","1.349","1.352","1.46","1.77","1.79","1.996","1.88","1.905","1.649","1.846","2.327","2.26","2.037","1.019","0.955","0.877","0.865","0.925","0.912","0.972","1.026","1.102","1.242","1.089","1.135","1.227","1.324","1.582","1.832","1.863","2.02","2.098","2.053","1.766","1.972","2.355","2.173","1.854"
"2018/07/08 13:56:03","201412","6786","4.931","(株)リアルビジョンりあるびじょん","電気機器","22.8","86.1","1.177","1.616","1.69","1.641","1.628","1.697","1.586","1.549","1.446","1.554","1.49","1.63","1.906","1.526","1.802","2.853","3.074","2.975","2.657","2.432","1.851","2.131","2.4","2.034","2.11","1.181","1.614","1.566","1.492","1.436","1.425","1.364","1.327","1.339","1.554","1.35","1.454","1.734","1.495","1.952","2.953","3.199","3.011","2.965","2.621","1.982","2.277","2.429","1.956","1.92"
"2018/07/08 13:56:33","201412","6927","2.368","ヘリオス　テクノ　ホールディングへりおす　てくの　ほーるでぃんぐ","電気機器","74.5","47.0","0.985","0.922","0.95","1.082","1.05","0.909","0.911","0.909","0.968","0.855","0.976","1.037","0.935","0.887","0.81","0.853","0.818","0.801","0.727","0.753","0.758","0.82","0.907","0.963","1.082","0.988","0.921","0.88","0.984","0.926","0.763","0.783","0.779","0.896","0.855","0.884","0.925","0.851","0.869","0.878","0.883","0.851","0.811","0.811","0.811","0.812","0.876","0.918","0.926","0.985"
"2018/07/08 13:56:47","201412","6993","1.366","アジアグロースキャピタルあじあぐろーすきゃぴたる","電気機器","114","38.3","1.032","1.265","1.232","1.213","1.252","1.206","1.252","1.335","1.019","0.994","1.0","0.806","0.735","0.561","0.452","0.581","0.548","0.568","0.503","0.49","0.49","0.497","0.497","0.51","0.574","1.035","1.264","1.142","1.103","1.104","1.013","1.077","1.144","0.944","0.994","0.906","0.719","0.669","0.549","0.49","0.601","0.57","0.575","0.561","0.528","0.525","0.531","0.503","0.49","0.522"
"2018/07/08 13:58:32","201412","7747","1.229","朝日インテックあさひいんてっく","精密機器","1910","62.2","1.012","1.074","1.226","1.436","1.263","1.25","1.434","1.419","1.68","1.467","1.607","1.829","1.911","1.877","1.795","1.802","1.815","1.915","1.701","1.622","1.573","1.574","1.556","1.52","1.561","1.015","1.073","1.136","1.305","1.114","1.05","1.233","1.216","1.556","1.467","1.456","1.632","1.739","1.838","1.945","1.865","1.889","1.938","1.898","1.748","1.684","1.682","1.575","1.462","1.42"
"2018/07/08 13:58:49","201412","7844","1.209","(株)マーベラスまーべらす","情報・通信業","737","66.8","0.948","1.035","1.015","0.977","0.934","0.93","0.895","0.841","0.622","0.532","0.566","0.583","0.538","0.501","0.477","0.588","0.525","0.569","0.486","0.463","0.429","0.456","0.435","0.451","0.444","0.951","1.034","0.941","0.888","0.824","0.781","0.77","0.721","0.576","0.532","0.513","0.52","0.49","0.491","0.517","0.609","0.546","0.576","0.542","0.499","0.459","0.487","0.44","0.434","0.404"
"2018/07/08 14:02:40","201412","9424","1.25","日本通信にほんつうしん","情報・通信業","712","62.9","0.961","0.878","0.986","0.851","0.763","0.791","0.714","0.72","0.516","0.535","0.515","0.585","0.465","0.304","0.381","0.326","0.353","0.408","0.396","0.369","0.319","0.304","0.305","0.266","0.293","0.964","0.877","0.914","0.774","0.673","0.664","0.614","0.617","0.478","0.535","0.466","0.522","0.423","0.298","0.413","0.337","0.367","0.413","0.442","0.398","0.342","0.325","0.309","0.256","0.267"
"2018/07/08 14:07:15","201503","2371","1.214","(株)カカクコムかかくこむ","サービス業","4047","84.9","1.001","0.931","0.969","0.888","0.988","0.966","0.969","1.139","1.176","1.199","1.156","0.994","1.047","0.998","1.052","1.015","1.073","0.867","0.913","0.884","0.899","0.969","1.024","0.813","0.818","1.016","0.917","0.909","0.853","0.945","0.999","1.083","1.152","1.171","1.218","1.263","1.203","1.21","1.16","1.189","1.266","1.291","1.037","1.089","0.999","0.966","1.006","1.059","0.833","0.823"
"2018/07/08 14:07:34","201503","2471","1.488","(株)エスプールえすぷーる","サービス業","28.3","35.0","1.004","0.982","1.094","1.158","1.019","0.931","0.912","0.895","0.9","0.924","0.73","0.692","0.865","0.787","0.863","0.964","1.316","1.446","1.626","1.809","1.658","1.645","1.502","1.626","1.775","1.019","0.967","1.026","1.112","0.975","0.963","1.019","0.905","0.896","0.939","0.798","0.838","1.0","0.915","0.975","1.202","1.584","1.73","1.94","2.044","1.781","1.708","1.553","1.666","1.786"
"2018/07/08 14:16:09","201503","6058","1.346","(株)ベクトルべくとる","サービス業","232","75.4","1.043","1.151","1.19","1.24","1.313","1.305","1.362","1.318","1.395","1.479","1.483","1.601","1.94","1.963","2.188","2.062","2.089","1.808","2.024","2.552","2.478","2.421","2.439","2.671","2.86","1.059","1.134","1.116","1.191","1.256","1.35","1.522","1.333","1.389","1.503","1.621","1.938","2.243","2.283","2.472","2.571","2.514","2.163","2.415","2.884","2.662","2.514","2.522","2.737","2.877"
"2018/07/08 14:19:32","201503","6993","1.333","アジアグロースキャピタルあじあぐろーすきゃぴたる","電気機器","150","40.0","1.011","1.043","1.005","1.043","1.113","0.849","0.828","0.833","0.672","0.613","0.468","0.376","0.484","0.457","0.473","0.419","0.409","0.409","0.414","0.414","0.425","0.468","0.441","0.409","0.403","1.026","1.028","0.943","1.002","1.065","0.878","0.925","0.842","0.669","0.623","0.511","0.455","0.56","0.531","0.534","0.522","0.492","0.489","0.494","0.468","0.456","0.486","0.456","0.419","0.405"
"2018/07/08 14:21:31","201503","7844","1.238","(株)マーベラスまーべらす","情報・通信業","978","65.4","1.063","1.016","1.011","0.973","0.915","0.677","0.578","0.616","0.635","0.585","0.545","0.519","0.639","0.572","0.619","0.528","0.504","0.466","0.496","0.473","0.491","0.491","0.535","0.592","0.584","1.079","1.001","0.948","0.935","0.876","0.7","0.646","0.623","0.632","0.595","0.596","0.628","0.739","0.665","0.699","0.658","0.606","0.557","0.592","0.534","0.527","0.51","0.553","0.607","0.588"
"2018/07/08 14:24:19","201503","8934","1.241","サンフロンティア不動産さんふろんてぃあふどうさん","不動産業","427","56.4","0.983","1.022","0.948","0.882","0.891","0.811","0.801","0.873","0.801","0.794","0.899","0.904","1.01","0.917","1.061","0.924","0.908","0.909","0.902","0.891","0.874","0.916","0.893","0.908","0.918","0.998","1.007","0.889","0.847","0.853","0.839","0.895","0.883","0.798","0.807","0.983","1.094","1.168","1.066","1.199","1.152","1.093","1.087","1.076","1.007","0.939","0.951","0.923","0.93","0.924"
"2018/07/08 14:25:25","201503","9424","1.667","日本通信にほんつうしん","情報・通信業","798","64.2","0.929","0.833","0.863","0.779","0.787","0.564","0.584","0.562","0.639","0.507","0.331","0.416","0.356","0.386","0.446","0.433","0.403","0.348","0.331","0.333","0.29","0.307","0.32","0.343","0.367","0.943","0.821","0.81","0.748","0.753","0.583","0.653","0.568","0.636","0.515","0.362","0.504","0.412","0.449","0.504","0.54","0.485","0.416","0.395","0.376","0.311","0.319","0.331","0.351","0.369"
"2018/07/08 14:30:24","201506","2480","1.279","システム・ロケーションしすてむ・ろけーしょん","サービス業","42.2","63.2","1.048","1.189","1.077","0.952","1.067","0.906","0.903","0.55","0.469","0.52","0.482","0.43","0.415","0.403","0.397","0.422","0.444","0.461","0.544","0.66","0.631","0.604","0.613","0.643","0.706","1.05","1.187","1.162","1.108","1.126","0.941","0.957","0.627","0.592","0.627","0.584","0.506","0.54","0.506","0.495","0.526","0.523","0.516","0.589","0.712","0.674","0.65","0.651","0.668","0.71"
"2018/07/08 14:31:27","201506","2928","1.522","健康コーポレーションけんこうこーぽれーしょん","化学","1221","16.8","0.916","0.781","0.817","0.716","0.921","0.977","0.918","0.929","0.914","0.903","0.865","1.086","1.212","1.245","1.209","1.139","1.14","1.056","1.01","1.036","1.075","1.096","1.06","1.318","1.882","0.918","0.779","0.881","0.834","0.972","1.015","0.972","1.059","1.154","1.088","1.048","1.279","1.576","1.562","1.507","1.418","1.343","1.183","1.093","1.118","1.149","1.18","1.125","1.369","1.893"
"2018/07/08 14:31:40","201506","3064","1.206","(株)ＭｏｎｏｔａＲＯものたろう","小売業","2747","53.2","1.013","1.23","1.156","1.027","1.181","1.33","1.271","1.032","1.001","1.26","1.264","1.444","1.264","1.129","0.983","1.017","0.965","0.92","0.9","1.116","1.198","1.296","1.365","1.405","1.411","1.015","1.228","1.247","1.196","1.246","1.381","1.346","1.177","1.264","1.518","1.532","1.701","1.644","1.417","1.226","1.267","1.137","1.03","0.974","1.204","1.28","1.395","1.449","1.459","1.42"
"2018/07/08 14:32:05","201506","3173","1.333","大阪工機おおさかこうき","卸売業","55.6","33.8","0.958","0.941","0.825","0.733","0.821","0.969","1.035","0.836","0.785","0.81","0.767","0.8","0.906","0.897","0.77","0.775","0.78","0.783","0.813","0.804","0.868","0.835","0.834","0.837","0.87","0.96","0.939","0.89","0.853","0.866","1.006","1.096","0.953","0.991","0.976","0.93","0.942","1.178","1.125","0.96","0.965","0.919","0.877","0.88","0.867","0.927","0.899","0.885","0.869","0.875"
"2018/07/08 14:32:07","201506","3175","1.208","(株)エー・ピーカンパニーえー・ぴーかんぱにー","小売業","135","29.7","1.034","1.046","0.891","0.744","0.794","0.885","0.797","0.709","0.58","0.592","0.588","0.538","0.45","0.427","0.366","0.35","0.367","0.348","0.378","0.407","0.45","0.488","0.493","0.49","0.466","1.036","1.044","0.961","0.866","0.838","0.919","0.844","0.808","0.732","0.713","0.713","0.634","0.585","0.536","0.456","0.436","0.432","0.39","0.409","0.439","0.481","0.525","0.523","0.509","0.469"
"2018/07/08 14:32:21","201506","3237","1.385","(株)イントランスいんとらんす","不動産業","113","68.0","0.982","0.919","0.705","0.639","0.768","0.777","0.786","0.684","0.651","0.819","0.62","0.59","0.527","0.509","0.503","0.542","0.566","0.572","0.614","0.801","0.762","0.714","0.636","0.699","0.66","0.984","0.917","0.761","0.744","0.81","0.807","0.833","0.78","0.822","0.987","0.752","0.695","0.685","0.639","0.627","0.675","0.667","0.641","0.665","0.864","0.814","0.769","0.675","0.726","0.664"
"2018/07/08 14:34:07","201506","3769","1.233","ＧＭＯペイメントゲートウェイじーえむおーぺいめんとげーとうぇい","情報・通信業","1096","22.8","1.048","1.077","1.085","1.219","1.27","1.571","1.534","1.642","1.685","2.019","1.868","1.846","1.536","1.563","1.264","1.393","1.279","1.248","1.377","1.489","1.698","1.47","1.325","1.709","1.78","1.05","1.075","1.17","1.419","1.34","1.631","1.625","1.872","2.128","2.433","2.264","2.174","1.997","1.961","1.576","1.735","1.506","1.398","1.49","1.606","1.814","1.582","1.407","1.775","1.791"
"2018/07/08 14:39:13","201506","6058","1.341","(株)ベクトルべくとる","サービス業","261","78.1","0.956","1.012","1.005","1.049","1.015","1.074","1.14","1.142","1.234","1.495","1.512","1.686","1.588","1.609","1.393","1.559","1.966","1.909","1.865","1.879","2.058","2.136","2.447","2.573","3.032","0.958","1.01","1.084","1.221","1.071","1.115","1.208","1.302","1.558","1.801","1.833","1.986","2.065","2.019","1.737","1.941","2.316","2.138","2.018","2.027","2.199","2.299","2.598","2.672","3.05"
"2018/07/08 14:39:23","201506","6089","1.336","(株)ウィルグループうぃるぐるーぷ","サービス業","78.6","38.0","0.998","1.049","1.063","0.905","1.048","0.983","1.024","0.87","0.999","1.131","1.069","1.345","1.134","1.052","1.037","1.119","1.063","1.284","1.366","1.591","1.651","2.106","1.816","2.077","2.224","1.0","1.047","1.147","1.054","1.105","1.021","1.085","0.992","1.261","1.363","1.296","1.584","1.475","1.32","1.293","1.394","1.252","1.438","1.478","1.716","1.764","2.267","1.928","2.157","2.237"
"2018/07/08 14:39:35","201506","6150","1.308","タケダ機械たけだきかい","機械","33.0","38.2","0.979","0.861","0.776","0.673","0.635","0.635","0.605","0.478","0.412","0.551","0.527","0.522","0.459","0.487","0.471","0.471","0.459","0.461","0.6","0.609","0.635","0.605","0.565","0.619","0.609","0.981","0.859","0.837","0.783","0.67","0.659","0.641","0.545","0.52","0.664","0.639","0.615","0.597","0.611","0.587","0.587","0.541","0.516","0.649","0.657","0.678","0.651","0.6","0.643","0.613"
"2018/07/08 14:47:25","201506","8912","1.421","(株)エリアクエストえりあくえすと","不動産業","30.3","50.2","0.993","1.051","0.928","0.855","0.913","0.899","0.812","0.797","0.681","0.797","0.797","0.79","0.739","0.746","0.746","0.717","0.732","0.754","0.768","0.768","0.812","0.783","0.761","0.826","1.043","0.995","1.049","1.001","0.995","0.963","0.934","0.86","0.909","0.86","0.96","0.966","0.931","0.961","0.936","0.93","0.893","0.862","0.844","0.831","0.828","0.868","0.843","0.808","0.858","1.049"
"2018/07/08 14:50:01","201506","9957","1.267","(株)バイテックばいてっく","卸売業","187","23.3","0.989","1.064","1.038","1.098","1.107","0.927","0.921","0.86","0.707","0.683","0.718","0.755","0.768","0.748","0.739","0.759","0.815","0.904","0.917","0.928","1.007","0.993","0.972","0.963","1.037","0.991","1.062","1.12","1.278","1.168","0.963","0.976","0.981","0.893","0.823","0.87","0.889","0.999","0.939","0.921","0.945","0.96","1.012","0.992","1.001","1.076","1.069","1.032","1.0","1.043"
"2018/07/08 14:52:50","201509","2154","1.261","(株)トラスト・テックとらすと・てっく","サービス業","209","57.0","0.976","1.092","1.196","1.25","1.195","1.127","1.431","1.352","1.442","1.286","1.216","1.339","1.603","1.539","1.436","1.585","1.72","1.665","1.859","1.854","2.082","2.082","2.213","3.006","2.877","0.99","1.003","1.082","1.154","1.187","1.24","1.503","1.428","1.48","1.456","1.329","1.455","1.739","1.58","1.401","1.494","1.617","1.55","1.742","1.715","1.882","1.83","1.967","2.672","2.478"
"2018/07/08 14:54:57","201509","3064","1.222","(株)ＭｏｎｏｔａＲＯものたろう","小売業","3753","54.7","1.029","1.183","1.332","1.274","1.034","1.003","1.262","1.266","1.447","1.266","1.131","0.985","1.019","0.967","0.922","0.902","1.118","1.2","1.298","1.368","1.408","1.366","1.374","1.27","1.33","1.044","1.086","1.205","1.176","1.027","1.103","1.326","1.337","1.486","1.434","1.236","1.071","1.105","0.993","0.9","0.85","1.051","1.117","1.216","1.265","1.273","1.2","1.221","1.129","1.146"
"2018/07/08 14:57:20","201509","3769","1.217","ＧＭＯペイメントゲートウェイじーえむおーぺいめんとげーとうぇい","情報・通信業","1342","36.9","1.076","1.122","1.387","1.354","1.45","1.488","1.782","1.649","1.63","1.357","1.38","1.116","1.23","1.13","1.102","1.216","1.315","1.499","1.298","1.17","1.509","1.455","1.523","1.642","1.623","1.091","1.03","1.255","1.25","1.44","1.637","1.872","1.741","1.674","1.537","1.508","1.213","1.334","1.16","1.075","1.146","1.236","1.396","1.216","1.082","1.364","1.279","1.354","1.46","1.398"
"2018/07/08 14:57:40","201509","3856","1.234","リアルコムりあるこむ","情報・通信業","12.7","41.0","0.948","1.089","1.234","1.141","1.177","1.29","1.306","1.206","1.282","1.302","1.29","1.355","2.613","2.827","2.363","2.194","4.056","4.117","6.044","4.77","5.423","5.327","4.96","4.306","3.931","0.961","1.0","1.117","1.054","1.169","1.419","1.372","1.273","1.316","1.475","1.41","1.473","2.834","2.902","2.305","2.068","3.812","3.833","5.664","4.413","4.903","4.681","4.409","3.828","3.386"
"2018/07/08 15:00:21","201509","4845","1.514","(株)フュージョンパートナーふゅーじょんぱーとなー","情報・通信業","73.8","55.5","0.912","1.038","1.124","1.008","1.094","0.994","0.929","0.983","1.133","0.946","1.026","1.555","1.765","1.78","2.071","1.447","1.516","1.574","1.666","1.516","1.555","1.576","1.595","1.508","1.507","0.925","0.953","1.017","0.931","1.086","1.094","0.976","1.038","1.163","1.071","1.121","1.69","1.914","1.828","2.02","1.364","1.425","1.466","1.561","1.402","1.406","1.385","1.418","1.34","1.298"
"2018/07/08 15:07:17","201509","7732","1.303","(株)トプコンとぷこん","精密機器","2061","39.2","0.953","1.074","1.322","1.257","1.026","0.742","0.906","0.835","0.69","0.612","0.607","0.827","0.872","0.959","1.037","1.076","1.06","1.201","1.216","1.201","1.235","1.181","1.154","1.185","1.201","0.967","0.986","1.196","1.161","1.019","0.816","0.952","0.882","0.708","0.693","0.663","0.899","0.946","0.985","1.012","1.014","0.996","1.118","1.14","1.111","1.117","1.038","1.026","1.053","1.034"
"2018/07/08 15:07:36","201509","7844","1.3","(株)マーベラスまーべらす","情報・通信業","561","62.7","0.95","1.011","1.043","0.96","0.895","0.852","1.05","0.939","1.017","0.868","0.827","0.766","0.815","0.777","0.806","0.806","0.879","0.973","0.906","0.962","1.288","1.151","1.073","1.037","1.012","0.963","0.928","0.944","0.886","0.889","0.937","1.103","0.992","1.044","0.983","0.904","0.833","0.884","0.798","0.786","0.76","0.826","0.906","0.849","0.89","1.165","1.011","0.954","0.922","0.872"
"2018/07/08 15:10:29","201509","8912","1.44","(株)エリアクエストえりあくえすと","不動産業","27.9","45.1","1.009","1.077","1.06","0.957","0.94","0.803","0.94","0.94","0.932","0.872","0.88","0.88","0.846","0.863","0.889","0.906","0.906","0.957","0.923","0.897","0.974","1.145","1.333","1.299","1.291","1.023","0.989","0.959","0.884","0.933","0.883","0.987","0.993","0.957","0.988","0.962","0.957","0.918","0.886","0.867","0.854","0.852","0.891","0.865","0.83","0.881","1.006","1.185","1.155","1.112"
"2018/07/08 15:16:36","201512","2427","1.267","(株)アウトソーシングあうとそーしんぐ","サービス業","570","33.0","0.965","1.012","0.939","1.174","1.092","1.392","1.421","1.172","1.171","1.325","1.207","1.097","1.103","1.148","1.145","1.337","1.293","1.531","1.658","1.667","2.188","2.368","2.359","2.983","3.157","0.951","1.072","1.102","1.315","1.23","1.525","1.718","1.366","1.357","1.532","1.322","1.142","1.11","1.151","1.137","1.337","1.276","1.478","1.554","1.58","2.074","2.153","2.034","2.528","2.637"
"2018/07/08 15:17:58","201512","3064","1.306","(株)ＭｏｎｏｔａＲＯものたろう","小売業","4512","56.1","0.956","0.776","0.753","0.948","0.95","1.086","0.95","0.849","0.74","0.765","0.726","0.692","0.677","0.84","0.901","0.975","1.027","1.057","1.025","1.031","0.953","0.853","0.881","0.904","0.977","0.942","0.822","0.884","1.062","1.07","1.189","1.149","0.99","0.857","0.884","0.795","0.72","0.681","0.843","0.895","0.975","1.014","1.02","0.961","0.977","0.903","0.775","0.759","0.766","0.816"
"2018/07/08 15:18:22","201512","3173","1.389","大阪工機おおさかこうき","卸売業","60.6","35.3","0.97","0.783","0.735","0.759","0.719","0.75","0.849","0.841","0.722","0.726","0.731","0.733","0.761","0.753","0.814","0.782","0.781","0.784","0.844","0.866","1.007","1.087","1.317","1.141","1.195","0.956","0.829","0.863","0.85","0.81","0.821","1.027","0.98","0.837","0.839","0.801","0.763","0.766","0.755","0.808","0.782","0.771","0.757","0.791","0.821","0.955","0.988","1.135","0.967","0.998"
"2018/07/08 15:18:37","201512","3237","1.5","(株)イントランスいんとらんす","不動産業","93.9","69.3","1.008","0.876","0.834","1.05","0.795","0.757","0.676","0.653","0.645","0.695","0.726","0.734","0.788","1.027","0.977","0.915","0.815","0.896","0.826","0.861","0.838","0.788","0.811","0.78","0.764","0.993","0.928","0.979","1.176","0.895","0.829","0.817","0.761","0.747","0.803","0.795","0.764","0.793","1.03","0.97","0.915","0.805","0.865","0.774","0.816","0.794","0.716","0.699","0.661","0.638"
"2018/07/08 15:20:27","201512","3769","1.248","ＧＭＯペイメントゲートウェイじーえむおーぺいめんとげーとうぇい","情報・通信業","2213","38.7","0.991","1.062","1.089","1.305","1.207","1.193","0.993","1.01","0.817","0.901","0.827","0.807","0.89","0.962","1.098","0.95","0.856","1.104","1.065","1.115","1.202","1.205","1.418","1.414","1.541","0.976","1.125","1.278","1.461","1.359","1.307","1.201","1.177","0.947","1.042","0.906","0.84","0.895","0.965","1.09","0.95","0.845","1.066","0.998","1.057","1.139","1.095","1.222","1.198","1.287"
"2018/07/08 15:20:48","201512","3856","1.213","リアルコムりあるこむ","情報・通信業","14.7","41.3","1.029","1.062","1.164","1.178","1.087","1.156","1.175","1.164","1.222","2.356","2.549","2.131","1.978","3.658","3.713","5.451","4.302","4.891","4.804","4.473","3.884","3.64","3.676","3.036","2.782","1.014","1.125","1.366","1.319","1.224","1.266","1.421","1.357","1.416","2.724","2.792","2.217","1.99","3.669","3.687","5.451","4.247","4.721","4.502","4.24","3.682","3.309","3.169","2.573","2.324"
"2018/07/08 15:25:33","201512","6055","1.316","ジャパンマテリアルじゃぱんまてりある","サービス業","421","72.3","1.026","0.931","1.048","1.224","1.089","1.348","1.676","1.487","1.56","1.55","1.517","1.513","1.473","1.387","1.312","1.505","1.488","1.596","1.709","1.76","2.197","2.416","2.672","2.713","3.063","1.011","0.986","1.23","1.371","1.226","1.476","2.027","1.733","1.808","1.792","1.662","1.574","1.482","1.391","1.303","1.505","1.469","1.541","1.602","1.668","2.082","2.196","2.303","2.299","2.559"
"2018/07/08 15:30:39","201512","7717","1.478","(株)ブイ・テクノロジーぶい・てくのろじー","精密機器","243","26.2","0.952","0.813","0.911","1.068","0.952","1.797","2.415","2.805","2.326","2.452","2.6","2.488","2.712","3.691","3.317","3.56","3.55","4.703","4.015","3.929","3.929","3.907","4.11","3.886","3.803","0.938","0.861","1.069","1.196","1.072","1.968","2.92","3.269","2.695","2.835","2.848","2.589","2.728","3.702","3.294","3.56","3.504","4.54","3.763","3.724","3.724","3.552","3.543","3.293","3.177"
"2018/07/08 15:39:48","201603","2427","1.373","(株)アウトソーシングあうとそーしんぐ","サービス業","512","31.5","1.087","1.011","1.289","1.315","1.085","1.084","1.227","1.118","1.015","1.021","1.063","1.06","1.238","1.197","1.417","1.535","1.543","2.025","2.192","2.183","2.762","2.877","2.887","2.892","2.5","1.088","1.017","1.261","1.42","1.13","1.122","1.268","1.094","0.943","0.917","0.952","0.941","1.106","1.056","1.222","1.285","1.307","1.715","1.779","1.681","2.092","2.15","2.134","2.219","1.979"
"2018/07/08 15:40:57","201603","2928","1.496","健康コーポレーションけんこうこーぽれーしょん","化学","866","23.4","0.994","0.953","1.196","1.335","1.372","1.332","1.255","1.256","1.163","1.113","1.142","1.185","1.207","1.167","1.452","2.805","2.561","2.72","3.808","5.019","8.438","5.974","5.911","5.199","4.589","0.995","0.959","1.17","1.442","1.429","1.379","1.296","1.229","1.081","1.0","1.022","1.051","1.079","1.029","1.252","2.347","2.169","2.303","3.091","3.864","6.392","4.465","4.369","3.99","3.633"
"2018/07/08 15:41:17","201603","3092","1.213","(株)スタートトゥデイすたーととぅでい","小売業","3680","42.4","1.031","1.053","1.149","1.221","1.112","1.091","1.178","1.256","1.197","1.375","1.446","1.599","1.677","1.621","1.882","1.883","2.121","2.329","2.428","2.104","2.333","2.333","2.183","1.896","1.811","1.032","1.059","1.124","1.319","1.158","1.129","1.217","1.229","1.112","1.235","1.295","1.419","1.499","1.429","1.622","1.576","1.796","1.972","1.971","1.62","1.767","1.744","1.613","1.455","1.434"
"2018/07/08 15:41:51","201603","3252","1.255","日本商業開発にほんしょうぎょうかいはつ","不動産業","317","35.9","1.028","1.016","0.825","0.682","0.695","0.738","0.781","0.837","0.875","0.911","0.894","0.865","0.827","0.855","0.728","0.75","0.782","0.774","0.781","0.759","0.753","0.783","0.825","0.843","0.805","1.029","1.022","0.807","0.737","0.724","0.764","0.807","0.819","0.813","0.819","0.8","0.768","0.739","0.754","0.628","0.628","0.662","0.655","0.634","0.584","0.57","0.585","0.61","0.647","0.637"
"2018/07/08 15:48:25","201603","6058","1.312","(株)ベクトルべくとる","サービス業","332","75.3","1.019","1.031","1.149","1.082","1.097","0.949","1.063","1.34","1.301","1.271","1.28","1.402","1.455","1.668","1.753","2.058","1.731","1.649","1.728","1.608","1.689","1.791","2.348","2.46","2.585","1.02","1.037","1.124","1.168","1.143","0.982","1.098","1.311","1.209","1.142","1.146","1.244","1.3","1.471","1.511","1.722","1.466","1.396","1.403","1.238","1.28","1.339","1.735","1.888","2.047"
"2018/07/08 15:51:01","201603","6786","1.489","(株)ＲＶＨあーるぶいえいち","電気機器","99.6","49.8","1.147","1.236","1.196","1.068","0.978","0.744","0.857","0.965","0.818","0.84","0.921","0.752","0.754","0.627","0.589","0.668","0.663","0.543","0.549","0.502","0.518","0.588","0.563","0.498","0.475","1.148","1.243","1.17","1.153","1.019","0.77","0.885","0.944","0.76","0.755","0.825","0.667","0.674","0.553","0.508","0.559","0.561","0.46","0.446","0.386","0.392","0.439","0.416","0.382","0.376"
"2018/07/08 15:52:36","201603","7453","1.208","(株)良品計画りょうひんけいかく","小売業","6676","69.5","1.058","1.096","1.135","1.106","1.019","0.829","0.904","0.997","0.997","1.018","0.94","1.056","1.084","1.117","1.281","1.248","1.253","1.356","1.473","1.484","1.558","1.56","1.62","1.629","1.647","1.059","1.103","1.111","1.194","1.061","0.858","0.934","0.976","0.927","0.915","0.842","0.937","0.969","0.985","1.104","1.044","1.061","1.148","1.196","1.142","1.18","1.166","1.197","1.25","1.304"
"2018/07/08 15:53:20","201603","7717","1.256","(株)ブイ・テクノロジーぶい・てくのろじー","精密機器","185","23.4","1.114","0.992","1.872","2.517","2.923","2.424","2.556","2.709","2.592","2.826","3.846","3.457","3.71","3.699","4.902","4.184","4.095","4.095","4.071","4.283","4.05","3.948","4.696","6.208","6.497","1.115","0.998","1.832","2.718","3.045","2.509","2.64","2.651","2.409","2.539","3.443","3.067","3.315","3.262","4.226","3.501","3.467","3.467","3.304","3.297","3.068","2.951","3.471","4.764","5.144"
"2018/07/08 15:54:17","201603","7979","1.229","(株)松風しょうふう","精密機器","212","76.2","0.988","0.982","1.044","0.931","1.023","0.882","1.009","0.958","0.967","0.967","0.972","0.969","0.948","0.937","0.938","0.958","0.947","0.953","0.942","0.979","1.009","1.051","1.058","1.032","1.05","0.989","0.988","1.022","1.005","1.066","0.913","1.042","0.937","0.899","0.869","0.87","0.86","0.847","0.826","0.809","0.802","0.802","0.807","0.765","0.754","0.764","0.786","0.782","0.792","0.831"
"2018/07/08 16:02:21","201606","2427","1.549","(株)アウトソーシングあうとそーしんぐ","サービス業","761","23.8","0.991","0.818","0.816","0.924","0.842","0.765","0.769","0.801","0.799","0.932","0.902","1.068","1.156","1.162","1.525","1.651","1.645","2.08","2.167","2.174","2.178","2.006","1.945","2.201","2.181","1.009","0.804","0.797","0.901","0.777","0.671","0.652","0.677","0.669","0.785","0.75","0.868","0.913","0.928","1.218","1.264","1.195","1.486","1.528","1.516","1.577","1.483","1.387","1.597","1.579"
"2018/07/08 16:03:31","201606","2928","2.384","健康コーポレーションけんこうこーぽれーしょん","化学","1083","21.4","1.037","1.066","1.034","0.974","0.976","0.903","0.864","0.887","0.92","0.938","0.907","1.128","2.179","1.989","2.112","2.958","3.898","6.553","4.64","4.591","4.038","3.538","3.589","4.284","3.593","1.056","1.048","1.01","0.949","0.901","0.792","0.732","0.75","0.77","0.79","0.755","0.917","1.721","1.589","1.687","2.265","2.831","4.681","3.272","3.202","2.924","2.615","2.56","3.109","2.602"
"2018/07/08 16:06:08","201606","3769","1.25","ＧＭＯペイメントゲートウェイじーえむおーぺいめんとげーとうぇい","情報・通信業","2455","33.8","1.041","1.059","0.856","0.944","0.867","0.846","0.934","1.009","1.151","0.996","0.898","1.158","1.117","1.169","1.26","1.264","1.487","1.483","1.673","1.722","1.61","1.899","1.948","2.086","2.158","1.06","1.041","0.836","0.92","0.801","0.742","0.792","0.853","0.963","0.839","0.747","0.941","0.882","0.934","1.006","0.968","1.08","1.059","1.18","1.201","1.166","1.404","1.389","1.514","1.563"
"2018/07/08 16:11:02","201606","6058","1.3","(株)ベクトルべくとる","サービス業","453","74.3","1.03","1.044","0.903","1.011","1.275","1.238","1.209","1.219","1.335","1.385","1.587","1.668","1.959","1.648","1.57","1.645","1.531","1.608","1.704","2.235","2.341","2.522","2.172","2.266","2.272","1.049","1.027","0.882","0.985","1.177","1.086","1.025","1.03","1.117","1.167","1.32","1.356","1.547","1.316","1.254","1.26","1.112","1.149","1.202","1.559","1.695","1.864","1.549","1.644","1.645"
"2018/07/08 16:11:49","201606","6274","3.143","(株)新川しんかわ","機械","106","88.1","0.976","1.122","1.369","1.506","1.461","1.457","1.751","1.843","1.639","1.788","1.68","1.504","1.53","1.599","1.539","1.732","1.861","2.178","2.494","3.167","2.584","2.504","2.152","1.994","2.036","0.994","1.103","1.337","1.468","1.349","1.278","1.484","1.558","1.372","1.506","1.398","1.223","1.209","1.277","1.229","1.326","1.351","1.556","1.759","2.209","1.871","1.851","1.535","1.447","1.474"
"2018/07/08 16:24:16","201609","2154","1.212","(株)トラスト・テックとらすと・てっく","サービス業","271","44.6","1.116","1.071","0.999","1.103","1.197","1.159","1.293","1.29","1.449","1.449","1.54","2.092","2.065","2.185","2.57","2.251","2.112","2.168","2.324","2.331","2.171","2.586","2.58",,,"1.094","0.994","0.882","0.94","1.018","0.976","1.097","1.079","1.186","1.152","1.238","1.682","1.591","1.596","1.848","1.598","1.481","1.579","1.728","1.673","1.586","1.904","1.977",,
"2018/07/08 16:26:23","201609","3064","1.237","(株)ＭｏｎｏｔａＲＯものたろう","小売業","3346","48.4","1.023","0.971","0.926","0.906","1.123","1.205","1.304","1.374","1.413","1.372","1.379","1.275","1.141","1.178","1.209","1.364","1.305","1.305","1.448","1.449","1.66","1.857","1.8",,,"1.003","0.902","0.817","0.772","0.955","1.014","1.106","1.15","1.156","1.091","1.109","1.025","0.879","0.86","0.869","0.968","0.915","0.95","1.077","1.04","1.213","1.367","1.379",,
"2018/07/08 16:27:23","201609","3319","1.337","(株)ゴルフダイジェスト・オンラインごるふだいじぇすと・おんらいん","小売業","109","58.4","1.164","1.175","1.354","1.274","1.319","1.122","1.161","1.168","1.268","1.199","1.172","1.131","1.283","1.509","1.475","1.521","1.753","1.449","1.486","1.709","2.023","1.577","1.392",,,"1.141","1.091","1.195","1.086","1.122","0.944","0.985","0.977","1.038","0.953","0.942","0.909","0.988","1.102","1.06","1.079","1.229","1.055","1.105","1.227","1.478","1.161","1.067",,
"2018/07/08 16:29:19","201609","3915","1.259","(株)テラスカイてらすかい","情報・通信業","135","52.2","1.042","0.928","0.914","1.086","0.977","0.945","1.272","1.362","1.61","1.794","1.568","1.49","1.51","1.538","1.49","1.56","1.742","1.64","1.64","1.512","1.218","1.392","1.382",,,"1.022","0.862","0.807","0.926","0.831","0.795","1.079","1.14","1.318","1.426","1.26","1.198","1.163","1.123","1.071","1.107","1.222","1.194","1.219","1.085","0.89","1.025","1.059",,
"2018/07/08 16:34:28","201609","6274","3.056","(株)新川しんかわ","機械","125","88.6","1.145","1.111","1.108","1.331","1.401","1.246","1.359","1.277","1.144","1.163","1.215","1.17","1.316","1.414","1.656","1.896","2.408","1.964","1.904","1.636","1.515","1.395","1.344",,,"1.123","1.032","0.978","1.135","1.191","1.049","1.153","1.069","0.936","0.924","0.977","0.941","1.014","1.033","1.191","1.346","1.689","1.43","1.416","1.174","1.107","1.027","1.03",,
"2018/07/08 16:37:11","201609","7172","1.525","(株)ジャパンインベストメントアドバイザーじゃぱんいんべすとめんとあどばいざー","証券・商品先物取引業","351","18.0","1.05","1.298","1.3","1.391","1.426","1.457","1.674","1.496","1.494","1.76","1.68","2.031","2.063","2.109","2.08","2.446","2.888","3.388","3.357","3.163","4.271","4.209","3.698",,,"1.029","1.205","1.147","1.186","1.213","1.226","1.42","1.252","1.223","1.399","1.35","1.633","1.589","1.541","1.495","1.736","2.025","2.468","2.496","2.271","3.12","3.099","2.834",,
"2018/07/08 16:38:37","201609","7717","2.053","(株)ブイ・テクノロジーぶい・てくのろじー","精密機器","518","21.1","1.037","1.099","1.052","1.146","1.561","1.403","1.505","1.501","1.989","1.697","1.661","1.661","1.652","1.738","1.643","1.602","1.905","2.518","2.675","2.511","2.179","1.796","1.683",,,"1.017","1.02","0.929","0.977","1.327","1.181","1.277","1.256","1.628","1.349","1.335","1.335","1.273","1.27","1.181","1.137","1.336","1.834","1.989","1.803","1.592","1.323","1.29",,
"2018/07/08 16:41:41","201609","8912","1.4","(株)エリアクエストえりあくえすと","不動産業","23.6","42.7","1.0","1.02","1.051","1.071","1.071","1.131","1.091","1.061","1.152","1.354","1.576","1.535","1.566","1.535","2.374","2.495","2.838","2.323","2.616","2.616","2.99","2.576","2.333",,,"0.98","0.947","0.928","0.913","0.911","0.952","0.925","0.888","0.943","1.076","1.267","1.234","1.206","1.121","1.707","1.771","1.99","1.692","1.945","1.878","2.184","1.897","1.788",,
"2018/07/08 16:46:55","201612","2154","1.273","(株)トラスト・テックとらすと・てっく","サービス業","296","35.8","1.041","1.13","1.094","1.221","1.218","1.368","1.368","1.454","1.975","1.95","2.063","2.426","2.125","1.994","2.047","2.194","2.201","2.05","2.442","2.436",,,,,,"1.06","1.147","1.101","1.237","1.217","1.337","1.298","1.395","1.895","1.796","1.8","2.082","1.801","1.67","1.78","1.948","1.886","1.789","2.148","2.229",,,,,
"2018/07/08 16:49:03","201612","3064","1.223","(株)ＭｏｎｏｔａＲＯものたろう","小売業","3036","47.1","0.986","1.222","1.311","1.419","1.495","1.538","1.493","1.501","1.388","1.241","1.282","1.315","1.485","1.421","1.421","1.575","1.577","1.806","2.021","1.959",,,,,,"1.004","1.241","1.319","1.438","1.494","1.503","1.417","1.44","1.332","1.143","1.119","1.129","1.258","1.19","1.236","1.399","1.351","1.576","1.777","1.792",,,,,
"2018/07/08 16:51:14","201612","3698","1.205","(株)ＣＲＩ・ミドルウェアしーあーるあい・みどるうぇあ","情報・通信業","156","74.5","0.971","1.124","1.012","0.828","0.684","0.815","0.814","0.728","0.634","0.589","0.59","0.591","0.601","0.61","0.673","0.659","0.704","0.707","0.678","0.624",,,,,,"0.989","1.141","1.018","0.839","0.683","0.797","0.772","0.699","0.608","0.542","0.515","0.507","0.509","0.511","0.585","0.585","0.603","0.617","0.596","0.571",,,,,
"2018/07/08 16:51:24","201612","3769","1.277","ＧＭＯペイメントゲートウェイじーえむおーぺいめんとげーとうぇい","情報・通信業","1814","33.2","1.165","1.259","1.436","1.243","1.12","1.445","1.393","1.458","1.572","1.577","1.854","1.85","2.087","2.148","2.009","2.37","2.43","2.602","2.862","2.856",,,,,,"1.186","1.278","1.445","1.259","1.119","1.413","1.322","1.399","1.509","1.452","1.618","1.588","1.769","1.799","1.747","2.105","2.082","2.271","2.517","2.613",,,,,
"2018/07/08 16:56:08","201612","6030","1.45","(株)アドベンチャーあどべんちゃー","サービス業","168","49.3","1.093","1.281","1.377","1.207","1.177","1.154","1.149","1.204","1.226","1.28","1.92","1.8","1.842","1.76","2.017","1.967","1.833","2.08","2.639","2.557",,,,,,"1.113","1.301","1.385","1.223","1.176","1.128","1.09","1.155","1.177","1.179","1.675","1.545","1.561","1.474","1.754","1.747","1.571","1.815","2.321","2.339",,,,,
"2018/07/08 16:56:15","201612","6058","1.238","(株)ベクトルべくとる","サービス業","549","71.3","1.108","1.117","1.223","1.269","1.454","1.529","1.795","1.51","1.438","1.507","1.403","1.473","1.562","2.048","2.145","2.31","1.991","2.076","2.156","1.97",,,,,,"1.128","1.134","1.23","1.286","1.453","1.495","1.703","1.449","1.38","1.388","1.224","1.264","1.324","1.715","1.865","2.052","1.706","1.812","1.896","1.802",,,,,
"2018/07/08 17:01:08","201612","7717","1.444","(株)ブイ・テクノロジーぶい・てくのろじー","精密機器","605","20.9","1.117","1.521","1.367","1.467","1.462","1.938","1.654","1.619","1.619","1.609","1.693","1.601","1.561","1.856","2.454","2.607","2.446","2.123","1.75","1.64",,,,,,"1.137","1.544","1.375","1.486","1.461","1.894","1.569","1.554","1.554","1.482","1.477","1.374","1.323","1.554","2.134","2.315","2.096","1.853","1.539","1.5",,,,,
"2018/07/08 17:04:08","201612","8876","1.232","(株)リログループりろぐるーぷ","サービス業","2378","38.3","1.076","1.07","1.051","1.192","1.181","1.44","1.412","1.429","1.613","1.659","1.811","1.929","1.982","2.085","1.946","1.902","1.592","1.817","1.888","1.791",,,,,,"1.096","1.086","1.057","1.208","1.18","1.408","1.34","1.371","1.548","1.528","1.58","1.656","1.68","1.746","1.692","1.689","1.364","1.586","1.661","1.639",,,,,
"2018/07/08 17:13:33","201703","3679","1.286","(株)じげんじげん","情報・通信業","539","50.2","1.126","1.148","1.437","1.517","1.492","1.605","1.523","1.444","1.574","1.672","2.096","2.167","1.816","1.627","1.733","1.642","1.587",,,,,,,,,"1.151","1.158","1.419","1.454","1.447","1.557","1.415","1.273","1.365","1.432","1.773","1.904","1.629","1.409","1.527","1.458","1.467",,,,,,,,
"2018/07/08 17:18:40","201703","6058","1.318","(株)ベクトルべくとる","サービス業","598","70.3","0.967","1.108","1.165","1.368","1.151","1.096","1.148","1.069","1.123","1.19","1.561","1.634","1.761","1.517","1.582","1.643","1.501",,,,,,,,,"0.989","1.118","1.15","1.312","1.116","1.063","1.067","0.943","0.974","1.019","1.321","1.436","1.579","1.313","1.394","1.459","1.387",,,,,,,,
"2018/07/08 17:18:50","201703","6089","1.226","(株)ウィルグループうぃるぐるーぷ","サービス業","140","18.9","1.34","1.156","1.322","1.353","1.315","1.803","1.809","1.865","2.444","2.481","2.913","2.157","2.118","1.894","1.552","1.512","1.451",,,,,,,,,"1.37","1.166","1.305","1.297","1.275","1.749","1.681","1.645","2.12","2.124","2.464","1.895","1.9","1.64","1.367","1.343","1.341",,,,,,,,
"2018/07/08 17:20:41","201703","6619","1.714","ダブル・スコープだぶる・すこーぷ","電気機器","591","67.8","0.992","0.91","1.064","1.192","1.42","1.417","1.386","1.289","1.35","1.42","1.302","0.911","0.913","0.989","1.135","0.976","0.888",,,,,,,,,"1.014","0.918","1.05","1.143","1.377","1.374","1.288","1.137","1.171","1.216","1.102","0.801","0.819","0.856","1.0","0.867","0.821",,,,,,,,
"2018/07/08 17:22:09","201703","7172","1.529","(株)ジャパンインベストメントアドバイザーじゃぱんいんべすとめんとあどばいざー","証券・商品先物取引業","469","23.9","0.97","0.866","0.865","1.019","0.973","1.176","1.195","1.222","1.204","1.416","1.672","1.962","1.944","1.832","2.474","2.438","2.141",,,,,,,,,"0.992","0.874","0.854","0.977","0.944","1.141","1.111","1.078","1.044","1.212","1.415","1.724","1.743","1.586","2.18","2.165","1.979",,,,,,,,
"2018/07/08 17:23:35","201703","7717","1.63","(株)ブイ・テクノロジーぶい・てくのろじー","精密機器","807","21.9","0.972","0.969","1.284","1.096","1.073","1.073","1.067","1.122","1.061","1.035","1.231","1.627","1.728","1.622","1.407","1.16","1.087",,,,,,,,,"0.994","0.978","1.268","1.051","1.041","1.041","0.992","0.989","0.92","0.886","1.041","1.43","1.55","1.404","1.24","1.03","1.005",,,,,,,,
"2018/07/08 17:26:42","201703","8927","1.37","(株)明豊エンタープライズめいほうえんたーぷらいず","不動産業","37.7","37.4","0.971","0.871","0.994","1.029","1.065","1.329","2.018","2.0","1.976","2.571","3.635","4.459","3.988","3.788","4.265","3.612","3.294",,,,,,,,,"0.993","0.879","0.981","0.987","1.033","1.289","1.875","1.764","1.714","2.201","3.075","3.918","3.577","3.28","3.758","3.208","3.044",,,,,,,,
"2018/07/08 17:27:46","201703","9416","1.278","(株)ビジョンびじょん","情報・通信業","293","73.6","1.079","0.975","1.33","1.291","1.318","1.28","1.248","1.342","1.336","1.438","1.598","1.435","1.754","1.573","2.04","1.846","1.906",,,,,,,,,"1.103","0.984","1.313","1.238","1.278","1.242","1.16","1.183","1.159","1.231","1.352","1.261","1.573","1.362","1.797","1.639","1.762",,,,,,,,
"2018/07/08 17:31:48","201706","2154","1.355","(株)トラスト・テックとらすと・てっく","サービス業","419","37.5","1.0","1.063","1.444","1.425","1.508","1.774","1.554","1.457","1.496","1.604","1.609","1.499","1.785","1.78",,,,,,,,,,,,"1.005","1.081","1.469","1.389","1.394","1.614","1.395","1.293","1.379","1.509","1.461","1.385","1.664","1.725",,,,,,,,,,,
"2018/07/08 17:32:18","201706","2342","1.647","(株)トランスジェニックとらんすじぇにっく","サービス業","87.9","81.0","1.091","0.931","0.88","0.903","0.876","0.843","0.785","0.818","0.731","0.71","0.646","0.659","0.618","0.623",,,,,,,,,,,,"1.096","0.947","0.895","0.88","0.81","0.767","0.705","0.726","0.674","0.668","0.587","0.609","0.576","0.604",,,,,,,,,,,
"2018/07/08 17:33:45","201706","3032","1.571","(株)ゴルフ・ドゥごるふ・どぅ","小売業","13.2","24.6","0.998","1.014","1.067","0.986","1.451","2.014","1.785","2.026","1.577","1.232","1.301","0.986","0.906","0.9",,,,,,,,,,,,"1.003","1.032","1.085","0.961","1.341","1.833","1.602","1.798","1.453","1.159","1.182","0.911","0.844","0.872",,,,,,,,,,,
"2018/07/08 17:33:52","201706","3064","1.207","(株)ＭｏｎｏｔａＲＯものたろう","小売業","4637","44.4","0.967","0.972","0.899","0.804","0.83","0.852","0.961","0.92","0.92","1.02","1.021","1.17","1.308","1.268",,,,,,,,,,,,"0.972","0.989","0.915","0.784","0.767","0.775","0.863","0.816","0.848","0.96","0.927","1.081","1.219","1.229",,,,,,,,,,,
"2018/07/08 17:34:09","201706","3134","1.222","Ｈａｍｅｅはみぃ","小売業","177","62.9","0.981","0.991","0.993","1.041","0.992","1.033","1.146","1.319","1.152","1.089","1.01","1.043","0.86","0.796",,,,,,,,,,,,"0.986","1.008","1.01","1.015","0.917","0.94","1.029","1.17","1.062","1.024","0.917","0.964","0.801","0.771",,,,,,,,,,,
"2018/07/08 17:36:48","201706","3925","1.224","(株)ダブルスタンダードだぶるすたんだーど","情報・通信業","132","66.2","1.04","1.041","1.376","1.268","1.204","1.339","1.634","1.915","2.069","1.839","1.572","1.528","1.361","1.339",,,,,,,,,,,,"1.045","1.059","1.4","1.236","1.113","1.218","1.467","1.699","1.907","1.73","1.428","1.412","1.268","1.297",,,,,,,,,,,
"2018/07/08 17:36:48","201706","3926","1.25","(株)オープンドアおーぷんどあ","情報・通信業","327","82.6","0.936","0.924","1.14","1.248","1.441","1.736","2.098","2.239","1.888","1.884","1.67","1.753","1.865","1.878",,,,,,,,,,,,"0.941","0.94","1.16","1.216","1.332","1.58","1.883","1.987","1.74","1.772","1.517","1.62","1.738","1.82",,,,,,,,,,,
"2018/07/08 17:41:10","201706","6058","1.333","(株)ベクトルべくとる","サービス業","739","67.0","0.97","0.816","0.777","0.814","0.758","0.796","0.843","1.106","1.159","1.248","1.075","1.121","1.165","1.064",,,,,,,,,,,,"0.975","0.83","0.79","0.793","0.701","0.724","0.757","0.981","1.068","1.174","0.976","1.036","1.086","1.031",,,,,,,,,,,
"2018/07/08 17:41:37","201706","6182","1.576","(株)ロゼッタろぜった","サービス業","181","76.5","0.982","0.901","0.85","0.842","0.832","0.812","0.762","0.964","0.9","0.853","0.928","1.079","0.986","1.0",,,,,,,,,,,,"0.987","0.917","0.865","0.821","0.769","0.739","0.684","0.855","0.829","0.802","0.843","0.997","0.919","0.969",,,,,,,,,,,
"2018/07/08 17:44:35","201706","7172","1.521","(株)ジャパンインベストメントアドバイザーじゃぱんいんべすとめんとあどばいざー","証券・商品先物取引業","469","19.7","1.127","1.076","1.3","1.321","1.35","1.332","1.566","1.849","2.169","2.149","2.025","2.734","2.695","2.367",,,,,,,,,,,,"1.133","1.095","1.322","1.288","1.248","1.212","1.406","1.641","1.999","2.022","1.839","2.527","2.512","2.294",,,,,,,,,,,
"2018/07/08 17:46:01","201706","7717","1.306","(株)ブイ・テクノロジーぶい・てくのろじー","精密機器","1113","25.7","0.939","0.919","0.919","0.914","0.962","0.909","0.886","1.054","1.394","1.481","1.389","1.206","0.994","0.932",,,,,,,,,,,,"0.944","0.935","0.935","0.891","0.889","0.827","0.795","0.935","1.285","1.393","1.262","1.115","0.926","0.903",,,,,,,,,,,
"2018/07/08 17:50:12","201706","9416","1.316","(株)ビジョンびじょん","情報・通信業","417","75.1","0.971","0.991","0.963","0.938","1.009","1.005","1.081","1.201","1.079","1.319","1.183","1.534","1.388","1.433",,,,,,,,,,,,"0.976","1.008","0.98","0.914","0.933","0.914","0.97","1.066","0.994","1.241","1.074","1.418","1.294","1.389",,,,,,,,,,,
"2018/07/08 17:50:28","201706","9517","1.444","イーレックスいーれっくす","電気・ガス業","532","31.3","0.975","0.971","1.049","1.047","1.12","1.1","1.062","1.077","0.81","0.829","0.87","1.063","1.165","1.108",,,,,,,,,,,,"0.98","0.988","1.067","1.02","1.035","1.001","0.953","0.956","0.747","0.78","0.79","0.982","1.086","1.074",,,,,,,,,,,
"2018/07/08 17:56:13","201709","3032","1.467","(株)ゴルフ・ドゥごるふ・どぅ","小売業","13.5","25.5","0.982","1.445","2.006","1.778","2.018","1.571","1.227","1.296","0.982","0.902","0.896",,,,,,,,,,,,,,,"0.97","1.353","1.849","1.618","1.815","1.467","1.17","1.192","0.919","0.852","0.88",,,,,,,,,,,,,,
"2018/07/08 17:56:49","201709","3186","1.379","(株)ネクステージねくすてーじ","小売業","393","25.4","0.983","1.251","1.35","1.373","1.577","1.562","1.83","1.673","1.858","1.882","1.475",,,,,,,,,,,,,,,"0.971","1.171","1.244","1.249","1.418","1.458","1.745","1.539","1.74","1.777","1.449",,,,,,,,,,,,,,
"2018/07/08 17:59:15","201709","3925","1.216","(株)ダブルスタンダードだぶるすたんだーど","情報・通信業","None","82.8","0.935","0.888","0.988","1.205","1.413","1.526","1.357","1.16","1.127","1.004","0.988",,,,,,,,,,,,,,,"0.924","0.831","0.911","1.096","1.271","1.425","1.294","1.067","1.055","0.948","0.971",,,,,,,,,,,,,,
"2018/07/08 18:03:24","201709","6030","1.254","(株)アドベンチャーあどべんちゃー","サービス業","None","41.9","1.032","1.548","1.451","1.485","1.418","1.626","1.585","1.478","1.677","2.128","2.061",,,,,,,,,,,,,,,"1.02","1.449","1.337","1.351","1.275","1.518","1.511","1.36","1.57","2.009","2.025",,,,,,,,,,,,,,
"2018/07/08 18:04:02","201709","6192","1.429","ハイアス・アンド・カンパニーはいあす・あんど・かんぱにー","サービス業","None","59.4","1.258","1.317","1.691","1.346","2.359","1.828","2.174","1.767","1.751","1.569","1.447",,,,,,,,,,,,,,,"1.243","1.233","1.559","1.225","2.121","1.707","2.072","1.626","1.64","1.482","1.421",,,,,,,,,,,,,,
"2018/07/08 18:06:57","201709","7187","1.213","ジェイリースじぇいりーす","その他金融業","72.4","24.3","0.93","0.984","1.121","1.049","1.155","1.155","1.037","1.002","0.83","0.902","0.879",,,,,,,,,,,,,,,"0.919","0.921","1.033","0.955","1.039","1.078","0.989","0.922","0.777","0.852","0.863",,,,,,,,,,,,,,
"2018/07/08 18:11:32","201709","8927","4.211","(株)明豊エンタープライズめいほうえんたーぷらいず","不動産業","42.1","31.7","0.811","0.804","0.794","1.033","1.461","1.792","1.603","1.522","1.714","1.452","1.324",,,,,,,,,,,,,,,"0.801","0.753","0.732","0.94","1.314","1.673","1.528","1.4","1.605","1.371","1.301",,,,,,,,,,,,,,
"2018/07/08 18:16:43","201712","2154","1.218","(株)トラスト・テックとらすと・てっく","サービス業","None","40.1","0.993","0.931","0.956","1.025","1.028","0.958","1.141","1.138",,,,,,,,,,,,,,,,,,"0.992","0.92","0.981","1.073","1.039","0.986","1.184","1.228",,,,,,,,,,,,,,,,,
"2018/07/08 18:18:39","201712","2931","1.3","(株)ユーグレナゆーぐれな","食料品","943","82.9","1.021","1.032","0.957","0.994","0.976","0.859","0.804","0.766",,,,,,,,,,,,,,,,,,"1.02","1.02","0.982","1.041","0.987","0.884","0.834","0.826",,,,,,,,,,,,,,,,,
"2018/07/08 18:18:53","201712","3069","1.223","(株)アスラポート・ダイニングあすらぽーと・だいにんぐ","小売業","138","26.1","1.025","1.121","1.389","1.348","1.295","1.304","1.314","1.288",,,,,,,,,,,,,,,,,,"1.024","1.108","1.425","1.412","1.309","1.342","1.363","1.389",,,,,,,,,,,,,,,,,
"2018/07/08 18:19:21","201712","3186","1.312","(株)ネクステージねくすてーじ","小売業","587","26.7","1.071","1.23","1.218","1.427","1.305","1.449","1.468","1.151",,,,,,,,,,,,,,,,,,"1.07","1.215","1.249","1.494","1.32","1.491","1.523","1.242",,,,,,,,,,,,,,,,,
"2018/07/08 18:19:42","201712","3288","1.23","(株)オープンハウスおーぷんはうす","不動産業","2993","32.3","1.034","1.094","1.101","1.126","1.044","1.171","1.119","1.02",,,,,,,,,,,,,,,,,,"1.033","1.081","1.129","1.179","1.056","1.205","1.161","1.1",,,,,,,,,,,,,,,,,
"2018/07/08 18:19:51","201712","3323","1.426","レカムれかむ","卸売業","None","51.8","1.517","3.127","2.797","2.203","2.22","2.415","2.449","2.254",,,,,,,,,,,,,,,,,,"1.515","3.09","2.869","2.307","2.245","2.485","2.54","2.431",,,,,,,,,,,,,,,,,
"2018/07/08 18:26:01","201712","6030","1.273","(株)アドベンチャーあどべんちゃー","サービス業","None","30.7","1.068","1.02","1.169","1.14","1.063","1.206","1.53","1.482",,,,,,,,,,,,,,,,,,"1.067","1.008","1.199","1.194","1.075","1.241","1.587","1.599",,,,,,,,,,,,,,,,,
"2018/07/08 18:29:41","201712","7187","1.222","ジェイリースじぇいりーす","その他金融業","79.8","24.0","1.008","1.11","1.11","0.996","0.964","0.798","0.868","0.845",,,,,,,,,,,,,,,,,,"1.007","1.097","1.138","1.043","0.975","0.821","0.9","0.912",,,,,,,,,,,,,,,,,
"2018/07/08 18:35:29","201712","9517","1.378","イーレックスいーれっくす","電気・ガス業","537","30.9","1.002","1.016","0.764","0.782","0.821","1.003","1.099","1.045",,,,,,,,,,,,,,,,,,"1.001","1.004","0.784","0.819","0.83","1.032","1.14","1.127",,,,,,,,,,,,,,,,,
